{
  "Chem 2026.pdf": 1770270415.2832708,
  "Chemistry Class 10 SQP 2026.pdf": 1770354701.9692554,
  "Solved Paper 2023.pdf": 1770804676.149482
}