{
  "Chemistry 2025.pdf": 1770804555.33583,
  "ICSE - X Physics Board Paper 2024.pdf": 1770804629.6491442,
  "Icse 10 Biology Board paper.pdf": 1770804662.8749843,
  "ICSE Chemistry 10th Board Paper-2024-1-8.pdf": 1770804640.7770553,
  "ICSE Math-10 Solved Paper-2024.pdf": 1770804620.3105102,
  "ICSE-10 Board Paper Mathematics.pdf": 1770804568.1887257,
  "Physics 2025.pdf": 1770804581.2130792,
  "Solved Paper 2023 (1).pdf": 1770804684.1694188,
  "Solved Paper 2023 (2).pdf": 1770804694.3551571,
  "Solved Paper 2023 (3).pdf": 1770804700.543125,
  "Solved Paper 2023.pdf": 1770804676.149482
}